{
  "Inavlid LoginPage HTTP Request" : {
    "transaction" : "Inavlid LoginPage HTTP Request",
    "sampleCount" : 5,
    "errorCount" : 5,
    "errorPct" : 100.0,
    "meanResTime" : 1196.0,
    "medianResTime" : 1189.0,
    "minResTime" : 1018.0,
    "maxResTime" : 1365.0,
    "pct1ResTime" : 1365.0,
    "pct2ResTime" : 1365.0,
    "pct3ResTime" : 1365.0,
    "throughput" : 0.3010959894014212,
    "receivedKBytesPerSec" : 95.01771996943874,
    "sentKBytesPerSec" : 0.09673884815729253
  },
  "HomePage HTTP Request" : {
    "transaction" : "HomePage HTTP Request",
    "sampleCount" : 5,
    "errorCount" : 0,
    "errorPct" : 0.0,
    "meanResTime" : 1756.8,
    "medianResTime" : 1655.0,
    "minResTime" : 1275.0,
    "maxResTime" : 2449.0,
    "pct1ResTime" : 2449.0,
    "pct2ResTime" : 2449.0,
    "pct3ResTime" : 2449.0,
    "throughput" : 0.2896535743251072,
    "receivedKBytesPerSec" : 38.23347978942185,
    "sentKBytesPerSec" : 0.03422664305990036
  },
  "Forgot password HTTP Request" : {
    "transaction" : "Forgot password HTTP Request",
    "sampleCount" : 5,
    "errorCount" : 5,
    "errorPct" : 100.0,
    "meanResTime" : 400.8,
    "medianResTime" : 392.0,
    "minResTime" : 387.0,
    "maxResTime" : 443.0,
    "pct1ResTime" : 443.0,
    "pct2ResTime" : 443.0,
    "pct3ResTime" : 443.0,
    "throughput" : 0.31517902168431666,
    "receivedKBytesPerSec" : 7.792678194339384,
    "sentKBytesPerSec" : 0.1295804376260716
  },
  "Total" : {
    "transaction" : "Total",
    "sampleCount" : 15,
    "errorCount" : 10,
    "errorPct" : 66.666664,
    "meanResTime" : 1117.8666666666666,
    "medianResTime" : 1189.0,
    "minResTime" : 387.0,
    "maxResTime" : 2449.0,
    "pct1ResTime" : 2187.4,
    "pct2ResTime" : 2449.0,
    "pct3ResTime" : 2449.0,
    "throughput" : 0.7863283707276157,
    "receivedKBytesPerSec" : 123.79291428037848,
    "sentKBytesPerSec" : 0.22294661813273223
  }
}