{
  "mobilecover/pages/mobile-back-covers-2,125" : {
    "transaction" : "mobilecover/pages/mobile-back-covers-2,125",
    "sampleCount" : 30,
    "errorCount" : 0,
    "errorPct" : 0.0,
    "meanResTime" : 156.29999999999998,
    "medianResTime" : 145.0,
    "minResTime" : 128.0,
    "maxResTime" : 220.0,
    "pct1ResTime" : 201.5,
    "pct2ResTime" : 214.5,
    "pct3ResTime" : 220.0,
    "throughput" : 1.3016878552523106,
    "receivedKBytesPerSec" : 34.113035319130475,
    "sentKBytesPerSec" : 1.6016862281424913
  },
  "mousepad/collections/mouse-pad-2,285" : {
    "transaction" : "mousepad/collections/mouse-pad-2,285",
    "sampleCount" : 30,
    "errorCount" : 0,
    "errorPct" : 0.0,
    "meanResTime" : 175.0,
    "medianResTime" : 186.0,
    "minResTime" : 131.0,
    "maxResTime" : 222.0,
    "pct1ResTime" : 213.60000000000002,
    "pct2ResTime" : 218.7,
    "pct3ResTime" : 222.0,
    "throughput" : 1.322984653378021,
    "receivedKBytesPerSec" : 45.190046400930505,
    "sentKBytesPerSec" : 1.6240153411095433
  },
  "Total" : {
    "transaction" : "Total",
    "sampleCount" : 120,
    "errorCount" : 0,
    "errorPct" : 0.0,
    "meanResTime" : 204.07500000000005,
    "medianResTime" : 190.0,
    "minResTime" : 127.0,
    "maxResTime" : 657.0,
    "pct1ResTime" : 301.5,
    "pct2ResTime" : 337.39999999999986,
    "pct3ResTime" : 653.4299999999998,
    "throughput" : 4.9881531363012845,
    "receivedKBytesPerSec" : 144.38052561364677,
    "sentKBytesPerSec" : 5.470406222721038
  },
  "home/-1,950" : {
    "transaction" : "home/-1,950",
    "sampleCount" : 30,
    "errorCount" : 0,
    "errorPct" : 0.0,
    "meanResTime" : 316.1,
    "medianResTime" : 273.5,
    "minResTime" : 201.0,
    "maxResTime" : 657.0,
    "pct1ResTime" : 618.0000000000005,
    "pct2ResTime" : 647.65,
    "pct3ResTime" : 657.0,
    "throughput" : 1.2753475322025252,
    "receivedKBytesPerSec" : 38.735027951366746,
    "sentKBytesPerSec" : 0.8967287335799006
  },
  "trackorder/pages/track-order-1-1,861" : {
    "transaction" : "trackorder/pages/track-order-1-1,861",
    "sampleCount" : 30,
    "errorCount" : 0,
    "errorPct" : 0.0,
    "meanResTime" : 168.9,
    "medianResTime" : 155.5,
    "minResTime" : 127.0,
    "maxResTime" : 319.0,
    "pct1ResTime" : 211.3,
    "pct2ResTime" : 266.74999999999994,
    "pct3ResTime" : 319.0,
    "throughput" : 1.3270226036183481,
    "receivedKBytesPerSec" : 33.231548856548855,
    "sentKBytesPerSec" : 1.6263802417392843
  }
}