{
  "breed/pages/labrador-6,326" : {
    "transaction" : "breed/pages/labrador-6,326",
    "sampleCount" : 66,
    "errorCount" : 0,
    "errorPct" : 0.0,
    "meanResTime" : 239.18181818181827,
    "medianResTime" : 209.0,
    "minResTime" : 103.0,
    "maxResTime" : 773.0,
    "pct1ResTime" : 352.7000000000003,
    "pct2ResTime" : 435.79999999999995,
    "pct3ResTime" : 773.0,
    "throughput" : 2.3532767596092135,
    "receivedKBytesPerSec" : 300.8923258887185,
    "sentKBytesPerSec" : 3.026626457427084
  },
  "vet/products/instant-consult-6,631" : {
    "transaction" : "vet/products/instant-consult-6,631",
    "sampleCount" : 66,
    "errorCount" : 0,
    "errorPct" : 0.0,
    "meanResTime" : 257.1060606060606,
    "medianResTime" : 232.5,
    "minResTime" : 102.0,
    "maxResTime" : 1023.0,
    "pct1ResTime" : 427.20000000000033,
    "pct2ResTime" : 529.4,
    "pct3ResTime" : 1023.0,
    "throughput" : 2.373076369912268,
    "receivedKBytesPerSec" : 481.1770141373328,
    "sentKBytesPerSec" : 3.1192976502948366
  },
  "home/pages/cat-products-5,814" : {
    "transaction" : "home/pages/cat-products-5,814",
    "sampleCount" : 66,
    "errorCount" : 0,
    "errorPct" : 0.0,
    "meanResTime" : 245.37878787878788,
    "medianResTime" : 211.0,
    "minResTime" : 121.0,
    "maxResTime" : 731.0,
    "pct1ResTime" : 348.3,
    "pct2ResTime" : 472.54999999999995,
    "pct3ResTime" : 731.0,
    "throughput" : 2.3250898330162757,
    "receivedKBytesPerSec" : 336.5297470033643,
    "sentKBytesPerSec" : 2.999456708412598
  },
  "home/-5,696" : {
    "transaction" : "home/-5,696",
    "sampleCount" : 66,
    "errorCount" : 0,
    "errorPct" : 0.0,
    "meanResTime" : 433.3484848484848,
    "medianResTime" : 301.0,
    "minResTime" : 119.0,
    "maxResTime" : 1876.0,
    "pct1ResTime" : 1040.8000000000002,
    "pct2ResTime" : 1501.2,
    "pct3ResTime" : 1876.0,
    "throughput" : 2.2339561332250204,
    "receivedKBytesPerSec" : 372.93002730038245,
    "sentKBytesPerSec" : 1.5751136017465475
  },
  "home/pages/search-results-1-5,813" : {
    "transaction" : "home/pages/search-results-1-5,813",
    "sampleCount" : 66,
    "errorCount" : 0,
    "errorPct" : 0.0,
    "meanResTime" : 228.25757575757575,
    "medianResTime" : 206.0,
    "minResTime" : 122.0,
    "maxResTime" : 548.0,
    "pct1ResTime" : 326.8,
    "pct2ResTime" : 461.34999999999997,
    "pct3ResTime" : 548.0,
    "throughput" : 2.304388813239761,
    "receivedKBytesPerSec" : 273.96057689370133,
    "sentKBytesPerSec" : 3.0867708224224017
  },
  "Total" : {
    "transaction" : "Total",
    "sampleCount" : 462,
    "errorCount" : 0,
    "errorPct" : 0.0,
    "meanResTime" : 283.0021645021644,
    "medianResTime" : 233.5,
    "minResTime" : 102.0,
    "maxResTime" : 1876.0,
    "pct1ResTime" : 393.09999999999997,
    "pct2ResTime" : 502.5499999999999,
    "pct3ResTime" : 1264.7900000000018,
    "throughput" : 14.8619957537155,
    "receivedKBytesPerSec" : 1919.8525423924757,
    "sentKBytesPerSec" : 18.095779148973815
  },
  "vet/payments/config-6,717" : {
    "transaction" : "vet/payments/config-6,717",
    "sampleCount" : 66,
    "errorCount" : 0,
    "errorPct" : 0.0,
    "meanResTime" : 323.92424242424244,
    "medianResTime" : 318.0,
    "minResTime" : 299.0,
    "maxResTime" : 435.0,
    "pct1ResTime" : 341.3,
    "pct2ResTime" : 360.3,
    "pct3ResTime" : 435.0,
    "throughput" : 2.3817256685070913,
    "receivedKBytesPerSec" : 5.867621386813901,
    "sentKBytesPerSec" : 3.088800476345134
  },
  "vet/pages/consult-a-vet-6,483" : {
    "transaction" : "vet/pages/consult-a-vet-6,483",
    "sampleCount" : 66,
    "errorCount" : 0,
    "errorPct" : 0.0,
    "meanResTime" : 253.81818181818178,
    "medianResTime" : 215.0,
    "minResTime" : 124.0,
    "maxResTime" : 547.0,
    "pct1ResTime" : 368.90000000000003,
    "pct2ResTime" : 425.25,
    "pct3ResTime" : 547.0,
    "throughput" : 2.360430599763957,
    "receivedKBytesPerSec" : 331.8741883225743,
    "sentKBytesPerSec" : 3.04735278602339
  }
}