{
  "Inavlid LoginPage HTTP Request" : {
    "transaction" : "Inavlid LoginPage HTTP Request",
    "sampleCount" : 1,
    "errorCount" : 1,
    "errorPct" : 100.0,
    "meanResTime" : 1560.0,
    "medianResTime" : 1560.0,
    "minResTime" : 1560.0,
    "maxResTime" : 1560.0,
    "pct1ResTime" : 1560.0,
    "pct2ResTime" : 1560.0,
    "pct3ResTime" : 1560.0,
    "throughput" : 0.6410256410256411,
    "receivedKBytesPerSec" : 202.42450420673077,
    "sentKBytesPerSec" : 0.20595452724358973
  },
  "HomePage HTTP Request" : {
    "transaction" : "HomePage HTTP Request",
    "sampleCount" : 1,
    "errorCount" : 0,
    "errorPct" : 0.0,
    "meanResTime" : 1863.0,
    "medianResTime" : 1863.0,
    "minResTime" : 1863.0,
    "maxResTime" : 1863.0,
    "pct1ResTime" : 1863.0,
    "pct2ResTime" : 1863.0,
    "pct3ResTime" : 1863.0,
    "throughput" : 0.5367686527106817,
    "receivedKBytesPerSec" : 71.39232756307031,
    "sentKBytesPerSec" : 0.06342676462694578
  },
  "Forgot password HTTP Request" : {
    "transaction" : "Forgot password HTTP Request",
    "sampleCount" : 1,
    "errorCount" : 1,
    "errorPct" : 100.0,
    "meanResTime" : 507.0,
    "medianResTime" : 507.0,
    "minResTime" : 507.0,
    "maxResTime" : 507.0,
    "pct1ResTime" : 507.0,
    "pct2ResTime" : 507.0,
    "pct3ResTime" : 507.0,
    "throughput" : 1.9723865877712032,
    "receivedKBytesPerSec" : 48.766487919132146,
    "sentKBytesPerSec" : 0.8109128451676528
  },
  "Total" : {
    "transaction" : "Total",
    "sampleCount" : 3,
    "errorCount" : 2,
    "errorPct" : 66.666664,
    "meanResTime" : 1310.0,
    "medianResTime" : 1560.0,
    "minResTime" : 507.0,
    "maxResTime" : 1863.0,
    "pct1ResTime" : 1863.0,
    "pct2ResTime" : 1863.0,
    "pct3ResTime" : 1863.0,
    "throughput" : 0.7604562737642585,
    "receivedKBytesPerSec" : 120.02807153041826,
    "sentKBytesPerSec" : 0.21561113751584285
  }
}